draw_no,draw_date,n1,n2,n3,n4,n5,n6,additional
3599,2020-10-12,1,10,14,40,41,48,30
3600,2020-10-15,14,27,28,31,46,48,7
3601,2020-10-19,9,10,11,13,20,25,15
3602,2020-10-22,11,25,28,30,34,36,24
3603,2020-10-26,2,8,11,19,41,49,27
3604,2020-10-29,10,12,27,37,39,46,13
3605,2020-11-02,3,36,37,44,48,49,35
3606,2020-11-05,3,19,25,33,40,44,37
3607,2020-11-09,8,12,13,30,37,46,36
3608,2020-11-12,9,11,14,22,26,35,20
3609,2020-11-16,1,2,20,27,36,44,17
3610,2020-11-19,3,12,22,23,34,42,49
3611,2020-11-23,1,7,11,22,30,45,48
3612,2020-11-26,2,5,8,27,35,48,29
3613,2020-11-30,2,3,25,33,35,49,10
3614,2020-12-03,1,7,8,11,36,40,31
3615,2020-12-07,7,13,14,33,37,48,24
3616,2020-12-10,10,17,22,23,27,33,34
3617,2020-12-14,6,21,29,45,47,48,15
3618,2020-12-17,5,8,27,33,35,41,30
3619,2020-12-21,4,8,15,31,36,39,47
3620,2020-12-24,5,11,19,21,22,37,26
3621,2020-12-28,32,34,40,45,46,47,25
3622,2021-01-01,5,8,13,16,35,47,2
3623,2021-01-04,4,5,8,12,27,42,14
3624,2021-01-07,1,7,9,12,32,36,17
3625,2021-01-11,3,5,8,19,26,47,41
3626,2021-01-14,12,21,23,25,32,44,42
3627,2021-01-18,2,12,23,33,35,37,43
3628,2021-01-21,8,11,15,17,19,35,45
3629,2021-01-25,8,9,12,17,33,39,48
3630,2021-01-28,6,16,25,32,35,37,22
3631,2021-02-01,4,6,9,18,27,39,33
3632,2021-02-05,8,9,11,24,26,47,34
3633,2021-02-08,9,10,25,27,34,42,29
3634,2021-02-11,10,23,25,28,46,49,36
3635,2021-02-15,9,13,18,20,34,40,36
3636,2021-02-18,1,4,6,15,40,44,37
3637,2021-02-22,3,6,8,11,36,48,1
3638,2021-02-26,21,24,40,42,44,48,1
3639,2021-03-01,5,6,7,13,25,37,30
3640,2021-03-04,11,12,20,28,30,38,27
3641,2021-03-08,8,13,17,27,33,40,38
3642,2021-03-11,12,19,26,41,46,47,35
3643,2021-03-15,12,15,19,28,35,43,44
3644,2021-03-18,2,5,12,24,25,29,3
3645,2021-03-22,2,12,20,35,37,44,17
3646,2021-03-25,4,16,17,20,22,44,38
3647,2021-03-29,14,15,20,23,30,35,39
3648,2021-04-01,10,11,15,21,29,44,26
3649,2021-04-05,9,11,15,17,25,40,5
3650,2021-04-08,7,8,9,14,28,35,4
3651,2021-04-12,4,23,27,43,48,49,47
3652,2021-04-15,10,14,23,25,35,46,39
3653,2021-04-19,8,10,16,17,20,43,32
3654,2021-04-22,3,17,22,32,38,48,41
3655,2021-04-26,2,15,18,36,42,49,26
3656,2021-04-29,2,19,22,29,36,43,5
3657,2021-05-03,15,17,18,35,41,42,3
3658,2021-05-06,4,6,12,20,31,35,47
3659,2021-05-10,6,18,32,33,34,45,8
3660,2021-05-13,2,4,5,16,39,47,24
3661,2021-05-17,5,6,11,36,41,46,8
3662,2021-05-20,7,12,18,29,32,37,44
3663,2021-05-24,11,18,23,31,32,33,49
3664,2021-05-27,3,7,9,24,36,38,43
3665,2021-05-31,14,15,18,19,30,44,6
3666,2021-06-03,1,7,21,26,30,39,40
3667,2021-06-07,7,14,23,31,39,41,33
3668,2021-06-10,1,9,15,22,24,42,10
3669,2021-06-14,5,16,23,24,28,45,40
3670,2021-06-17,5,12,15,30,38,43,33
3671,2021-06-21,7,8,10,14,17,28,45
3672,2021-06-24,1,12,17,21,24,44,23
3673,2021-06-28,14,31,32,33,38,47,45
3674,2021-07-01,4,5,9,17,31,34,8
3675,2021-07-05,8,14,20,28,29,36,18
3676,2021-07-08,7,9,15,20,23,40,2
3677,2021-07-12,18,19,23,24,38,45,27
3678,2021-07-15,3,5,9,14,23,26,20
3679,2021-07-19,4,10,21,33,42,44,19
3680,2021-07-22,1,21,26,38,44,45,17
3681,2021-07-26,3,8,30,34,39,46,44
3682,2021-07-29,1,7,22,33,40,48,10
3683,2021-08-02,12,16,23,26,33,44,10
3684,2021-08-05,3,17,19,23,32,38,7
3685,2021-08-09,15,24,33,34,36,40,18
3686,2021-08-12,2,20,25,29,32,49,36
3687,2021-08-16,10,21,28,31,37,38,6
3688,2021-08-19,1,3,9,39,40,47,29
3689,2021-08-23,5,17,26,27,31,48,4
3690,2021-08-26,5,18,24,37,38,49,35
3691,2021-08-30,19,23,24,27,36,37,17
3692,2021-09-02,3,4,6,10,19,42,34
3693,2021-09-06,1,15,31,32,33,44,20
3694,2021-09-09,5,19,30,33,37,42,38
3695,2021-09-13,6,25,26,41,42,44,37
3696,2021-09-16,9,10,15,30,38,48,2
3697,2021-09-20,3,6,10,16,33,49,1
3698,2021-09-23,9,35,41,42,43,44,29
3699,2021-09-27,20,28,33,38,40,44,49
3700,2021-09-30,5,8,14,26,30,44,47
3701,2021-10-04,10,14,28,30,35,40,6
3702,2021-10-07,1,27,28,39,40,49,33
3703,2021-10-11,10,26,27,36,37,43,42
3704,2021-10-14,10,15,16,24,45,47,19
3705,2021-10-18,5,23,24,27,44,49,26
3706,2021-10-21,7,22,23,25,42,43,18
3707,2021-10-25,4,18,24,40,43,47,48
3708,2021-10-28,3,20,27,34,35,46,37
3709,2021-11-01,7,15,22,24,26,37,9
3710,2021-11-04,7,18,22,36,44,45,30
3711,2021-11-08,7,8,20,31,35,41,3
3712,2021-11-11,5,7,12,35,48,49,2
3713,2021-11-15,23,27,31,34,43,48,1
3714,2021-11-18,1,10,39,43,45,48,14
3715,2021-11-22,1,3,16,20,35,41,5
3716,2021-11-25,6,20,27,32,40,44,4
3717,2021-11-29,1,7,12,26,28,32,21
3718,2021-12-02,6,12,22,23,40,49,25
3719,2021-12-06,7,16,33,37,42,43,48
3720,2021-12-09,1,17,30,31,42,43,46
3721,2021-12-13,5,18,19,23,40,49,20
3722,2021-12-16,6,26,27,37,40,43,49
3723,2021-12-20,4,5,16,18,24,34,27
3724,2021-12-23,1,21,35,39,44,45,42
3725,2021-12-27,3,9,13,23,24,44,7
3726,2021-12-30,4,7,12,13,21,35,29
3727,2022-01-03,6,12,20,33,46,47,49
3728,2022-01-07,3,8,11,20,44,49,32
3729,2022-01-10,8,11,17,21,30,44,48
3730,2022-01-13,3,6,18,20,26,35,34
3731,2022-01-17,4,13,26,31,33,35,29
3732,2022-01-21,2,4,11,13,28,38,49
3733,2022-01-24,1,8,10,31,32,38,39
3734,2022-01-27,7,21,27,30,32,34,39
3735,2022-01-31,5,6,10,22,23,40,38
3736,2022-02-03,15,28,31,32,44,49,18
3737,2022-02-07,1,11,17,28,32,35,44
3738,2022-02-11,9,13,14,16,18,28,10
3739,2022-02-14,10,23,29,33,37,43,8
3740,2022-02-17,1,4,19,35,37,45,49
3741,2022-02-21,1,19,22,27,37,44,25
3742,2022-02-24,4,11,15,25,41,48,14
3743,2022-02-28,1,9,20,27,37,49,33
3744,2022-03-03,8,13,24,30,40,44,45
3745,2022-03-07,19,22,24,28,29,42,40
3746,2022-03-10,1,8,25,32,45,46,44
3747,2022-03-14,19,37,38,45,47,49,25
3748,2022-03-17,5,7,30,42,47,49,17
3749,2022-03-21,1,20,22,23,24,31,2
3750,2022-03-24,3,12,15,22,34,45,2
3751,2022-03-28,5,9,10,12,39,44,14
3752,2022-03-31,1,4,10,22,24,45,47
3753,2022-04-04,14,15,28,31,40,42,44
3754,2022-04-07,1,7,10,28,31,44,9
3755,2022-04-11,2,12,18,27,36,49,6
3756,2022-04-14,4,6,23,26,29,30,36
3757,2022-04-18,12,20,33,39,42,48,49
3758,2022-04-21,13,16,19,32,38,43,20
3759,2022-04-25,6,16,26,32,39,47,23
3760,2022-04-28,5,6,11,16,22,37,44
3761,2022-05-02,12,14,23,32,35,38,13
3762,2022-05-05,7,13,35,39,41,45,1
3763,2022-05-09,5,12,15,21,30,39,6
3764,2022-05-12,15,20,36,38,41,46,10
3765,2022-05-16,21,22,40,41,42,46,9
3766,2022-05-19,5,8,13,20,21,46,31
3767,2022-05-23,7,10,16,21,27,35,22
3768,2022-05-26,6,11,30,34,43,45,2
3769,2022-05-30,8,13,19,34,37,47,29
3770,2022-06-02,12,19,26,28,46,49,41
3771,2022-06-06,12,28,29,34,41,47,16
3772,2022-06-09,7,14,15,16,17,38,44
3773,2022-06-13,3,5,12,16,30,45,49
3774,2022-06-16,2,7,16,18,24,45,36
3775,2022-06-20,20,25,28,33,40,49,1
3776,2022-06-23,24,27,32,38,46,49,11
3777,2022-06-27,21,24,27,32,34,38,41
3778,2022-06-30,2,15,17,27,41,48,38
3779,2022-07-04,2,3,9,27,28,38,15
3780,2022-07-07,16,17,20,33,39,49,7
3781,2022-07-11,1,6,13,25,34,43,42
3782,2022-07-14,8,10,15,36,39,44,9
3783,2022-07-18,3,20,36,41,43,47,9
3784,2022-07-21,4,15,31,42,43,47,39
3785,2022-07-25,2,6,29,30,31,44,40
3786,2022-07-28,1,2,25,33,36,40,7
3787,2022-08-01,3,10,12,29,45,47,26
3788,2022-08-05,14,18,24,37,43,45,8
3789,2022-08-08,2,9,33,34,37,49,29
3790,2022-08-11,10,12,16,18,32,44,22
3791,2022-08-15,7,22,29,34,38,41,35
3792,2022-08-18,2,4,12,18,28,43,38
3793,2022-08-22,5,20,23,36,42,44,47
3794,2022-08-25,3,5,13,23,24,48,10
3795,2022-08-29,4,8,9,15,22,31,13
3796,2022-09-01,1,18,28,42,43,48,45
3797,2022-09-05,4,9,13,18,34,47,3
3798,2022-09-08,1,8,11,12,22,46,35
3799,2022-09-12,8,15,21,22,39,43,44
3800,2022-09-15,13,15,27,29,38,45,40
3801,2022-09-19,1,5,14,23,40,45,16
3802,2022-09-22,3,11,19,26,43,49,37
3803,2022-09-26,6,19,24,34,43,46,21
3804,2022-09-29,27,29,31,44,46,49,42
3805,2022-10-03,7,16,20,29,33,42,39
3806,2022-10-06,10,19,20,22,26,46,4
3807,2022-10-10,8,10,18,26,42,47,49
3808,2022-10-13,2,4,8,17,22,40,6
3809,2022-10-17,1,8,16,24,38,43,15
3810,2022-10-20,2,9,19,27,33,37,21
3811,2022-10-24,7,11,17,21,41,43,30
3812,2022-10-27,13,16,25,41,45,46,20
3813,2022-10-31,4,14,17,25,29,49,36
3814,2022-11-03,13,21,24,25,26,41,11
3815,2022-11-07,10,14,33,37,39,45,28
3816,2022-11-10,10,23,28,35,39,46,6
3817,2022-11-14,8,15,22,26,34,45,32
3818,2022-11-17,1,10,16,23,38,49,25
3819,2022-11-21,3,9,21,30,36,46,2
3820,2022-11-24,3,8,11,21,24,31,25
3821,2022-11-28,7,16,17,28,37,48,14
3822,2022-12-01,3,12,20,39,40,47,18
3823,2022-12-05,5,6,7,25,28,35,8
3824,2022-12-08,1,6,21,35,37,46,33
3825,2022-12-12,3,7,22,27,44,49,13
3826,2022-12-15,4,12,17,19,24,44,20
3827,2022-12-19,8,14,24,26,45,46,42
3828,2022-12-22,4,11,13,16,32,46,9
3829,2022-12-26,3,10,31,32,44,47,41
3830,2022-12-29,12,18,25,28,30,36,48
3831,2023-01-02,1,13,15,32,41,47,11
3832,2023-01-06,12,22,30,32,42,49,8
3833,2023-01-09,1,3,13,15,22,43,46
3834,2023-01-12,2,6,8,28,31,37,48
3835,2023-01-16,15,22,23,36,40,42,20
3836,2023-01-20,15,29,35,47,48,49,10
3837,2023-01-23,22,30,31,39,43,49,3
3838,2023-01-26,2,21,34,40,43,45,13
3839,2023-01-30,13,23,25,26,44,45,38
3840,2023-02-03,4,6,21,25,34,40,48
3841,2023-02-06,6,10,15,19,20,30,5
3842,2023-02-09,18,20,27,37,43,47,10
3843,2023-02-13,5,12,23,28,31,39,37
3844,2023-02-16,3,10,16,24,42,46,25
3845,2023-02-20,4,9,21,22,25,41,18
3846,2023-02-23,2,5,19,24,34,44,37
3847,2023-02-27,6,26,32,39,44,48,11
3848,2023-03-02,15,22,24,26,29,36,28
3849,2023-03-06,21,30,35,36,37,45,1
3850,2023-03-09,1,10,30,31,38,45,11
3851,2023-03-13,1,3,15,18,23,48,41
3852,2023-03-16,4,14,30,33,37,42,22
3853,2023-03-20,7,8,15,27,34,38,37
3854,2023-03-23,14,21,26,29,37,40,7
3855,2023-03-27,1,4,17,28,43,45,29
3856,2023-03-30,12,26,34,39,41,49,16
3857,2023-04-03,13,27,28,42,44,45,1
3858,2023-04-06,6,7,31,42,46,47,27
3859,2023-04-10,8,10,12,25,32,38,20
3860,2023-04-13,11,21,30,31,33,38,24
3861,2023-04-17,9,11,17,22,31,43,34
3862,2023-04-20,11,14,21,30,37,40,20
3863,2023-04-24,5,6,25,32,36,49,21
3864,2023-04-27,4,9,30,32,40,49,16
3865,2023-05-01,22,26,29,30,48,49,46
3866,2023-05-04,16,21,25,28,37,44,24
3867,2023-05-08,1,3,6,11,23,34,39
3868,2023-05-11,1,11,26,38,41,44,6
3869,2023-05-15,7,33,36,40,41,42,30
3870,2023-05-18,7,13,18,19,25,29,36
3871,2023-05-22,1,4,7,8,34,44,12
3872,2023-05-25,4,15,17,35,42,48,45
3873,2023-05-29,5,13,30,34,36,48,20
3874,2023-06-01,7,15,33,40,45,49,5
3875,2023-06-05,5,16,26,28,32,34,24
3876,2023-06-08,6,21,31,32,35,48,19
3877,2023-06-12,2,22,28,33,34,36,7
3878,2023-06-15,6,15,17,42,46,49,20
3879,2023-06-19,2,25,28,30,32,46,48
3880,2023-06-22,3,9,28,32,37,46,7
3881,2023-06-26,4,5,17,28,39,44,31
3882,2023-06-29,5,15,16,30,37,46,49
3883,2023-07-03,14,30,34,40,45,49,12
3884,2023-07-06,13,16,28,34,38,40,47
3885,2023-07-10,2,8,30,33,39,41,24
3886,2023-07-13,4,12,14,20,21,22,10
3887,2023-07-17,18,25,27,32,35,39,48
3888,2023-07-20,10,20,26,39,44,46,3
3889,2023-07-24,1,5,18,20,38,44,45
3890,2023-07-27,8,10,21,27,34,36,2
3891,2023-07-31,2,23,29,35,39,45,6
3892,2023-08-04,19,25,27,28,29,48,34
3893,2023-08-07,5,15,18,31,41,49,16
3894,2023-08-10,3,6,16,29,37,45,12
3895,2023-08-14,5,22,31,32,41,49,14
3896,2023-08-17,4,8,32,33,45,47,12
3897,2023-08-21,1,18,21,28,31,41,11
3898,2023-08-24,1,13,26,34,37,41,9
3899,2023-08-28,1,3,7,12,15,32,34
3900,2023-08-31,14,29,31,39,40,48,47
3901,2023-09-04,1,4,12,33,45,48,35
3902,2023-09-07,17,19,24,26,31,46,37
3903,2023-09-11,1,20,21,27,38,48,17
3904,2023-09-14,14,18,24,26,37,45,28
3905,2023-09-18,4,7,27,32,37,49,44
3906,2023-09-21,2,8,28,31,48,49,37
3907,2023-09-25,3,14,19,23,28,43,25
3908,2023-09-28,3,13,23,28,37,38,9
3909,2023-10-02,2,10,12,13,45,48,11
3910,2023-10-05,4,7,9,38,41,42,16
3911,2023-10-09,1,5,9,25,44,49,43
3912,2023-10-12,14,15,26,35,44,46,43
3913,2023-10-16,21,27,30,38,40,44,6
3914,2023-10-19,1,7,16,20,35,41,6
3915,2023-10-23,2,3,13,15,34,37,8
3916,2023-10-26,1,6,17,19,34,45,48
3917,2023-10-30,12,24,26,32,34,38,28
3918,2023-11-02,3,12,22,29,35,42,49
3919,2023-11-06,11,20,22,28,32,37,4
3920,2023-11-09,2,3,11,17,35,40,45
3921,2023-11-13,6,10,16,24,27,43,31
3922,2023-11-16,10,13,15,28,29,37,22
3923,2023-11-20,12,13,18,22,25,28,47
3924,2023-11-23,2,24,30,37,43,45,35
3925,2023-11-27,16,19,20,26,33,40,23
3926,2023-11-30,3,32,34,38,41,42,17
3927,2023-12-04,6,18,26,31,37,38,22
3928,2023-12-07,10,16,25,29,42,44,48
3929,2023-12-11,9,12,21,22,44,47,31
3930,2023-12-14,22,32,34,39,40,42,5
3931,2023-12-18,12,15,16,23,24,38,44
3932,2023-12-21,7,8,24,25,29,40,18
3933,2023-12-25,11,12,19,23,25,41,47
3934,2023-12-28,13,17,18,24,37,41,15
3935,2024-01-01,8,16,23,24,36,48,5
3936,2024-01-05,7,12,17,20,31,35,22
3937,2024-01-08,11,20,28,30,36,38,37
3938,2024-01-11,2,9,10,43,45,46,13
3939,2024-01-15,24,25,26,28,30,35,4
3940,2024-01-18,5,28,30,37,38,41,43
3941,2024-01-22,1,3,8,13,40,48,6
3942,2024-01-25,10,18,44,45,48,49,20
3943,2024-01-29,20,22,24,28,40,49,27
3944,2024-02-02,2,27,29,36,44,48,12
3945,2024-02-05,14,17,20,25,28,37,13
3946,2024-02-08,6,16,21,27,31,37,49
3947,2024-02-12,9,16,20,25,31,39,41
3948,2024-02-15,15,18,22,35,41,48,5
3949,2024-02-19,1,10,21,29,35,42,27
3950,2024-02-23,18,21,26,35,38,43,40
3951,2024-02-26,2,8,14,27,39,42,10
3952,2024-02-29,1,14,28,44,45,49,16
3953,2024-03-04,13,17,25,27,28,44,3
3954,2024-03-07,5,11,15,20,31,47,44
3955,2024-03-11,5,9,30,37,40,49,33
3956,2024-03-14,8,26,34,35,45,46,36
3957,2024-03-18,1,4,6,15,30,48,45
3958,2024-03-21,6,8,18,19,33,44,15
3959,2024-03-25,4,23,25,27,28,32,21
3960,2024-03-28,6,8,13,17,26,37,18
3961,2024-04-01,3,12,18,19,27,41,15
3962,2024-04-04,3,4,13,31,36,43,19
3963,2024-04-08,12,23,24,34,43,46,42
3964,2024-04-11,22,28,33,40,43,47,16
3965,2024-04-15,5,10,28,36,41,42,19
3966,2024-04-18,18,22,29,32,37,47,49
3967,2024-04-22,6,8,11,16,33,37,23
3968,2024-04-25,5,9,11,18,28,36,35
3969,2024-04-29,2,7,12,31,36,45,30
3970,2024-05-02,4,5,31,37,43,46,7
3971,2024-05-06,1,5,9,31,33,37,36
3972,2024-05-09,9,15,20,26,43,49,36
3973,2024-05-13,2,16,17,22,24,49,42
3974,2024-05-16,2,12,15,28,35,48,24
3975,2024-05-20,7,10,32,33,39,48,37
3976,2024-05-23,3,4,22,27,39,43,6
3977,2024-05-27,14,23,28,34,41,48,17
3978,2024-05-30,6,9,11,17,28,45,21
3979,2024-06-03,1,28,30,32,33,39,11
3980,2024-06-06,4,5,10,14,35,43,12
3981,2024-06-10,1,10,13,23,31,34,43
3982,2024-06-13,4,7,10,17,30,41,21
3983,2024-06-17,8,10,12,16,17,30,19
3984,2024-06-20,3,12,14,16,17,30,27
3985,2024-06-24,20,23,28,30,34,49,25
3986,2024-06-27,1,8,11,14,17,30,5
3987,2024-07-01,11,19,21,26,28,33,39
3988,2024-07-04,4,9,12,15,31,44,33
3989,2024-07-08,15,18,29,34,38,44,35
3990,2024-07-11,15,17,22,32,34,40,6
3991,2024-07-15,4,6,17,32,37,41,10
3992,2024-07-18,8,10,11,12,14,20,38
3993,2024-07-22,4,9,12,15,37,47,44
3994,2024-07-25,14,21,34,35,43,49,33
3995,2024-07-29,19,24,29,30,31,46,28
3996,2024-08-02,14,16,22,23,36,42,21
3997,2024-08-05,1,12,15,30,42,43,22
3998,2024-08-08,23,26,32,36,41,49,31
3999,2024-08-12,2,8,27,33,34,43,11
4000,2024-08-15,15,24,35,36,42,46,48
4001,2024-08-19,2,3,16,26,29,41,12
4002,2024-08-22,2,5,8,43,45,48,41
4003,2024-08-26,6,8,18,34,35,37,33
4004,2024-08-29,3,9,10,12,27,41,29
4005,2024-09-02,6,7,13,30,37,39,16
4006,2024-09-05,1,13,27,38,40,43,2
4007,2024-09-09,1,4,10,16,18,29,6
4008,2024-09-12,5,6,14,36,45,49,12
4009,2024-09-16,2,8,15,19,33,38,21
4010,2024-09-19,7,13,17,22,31,37,1
4011,2024-09-23,9,20,22,32,37,47,1
4012,2024-09-26,17,23,26,31,38,40,14
4013,2024-09-30,4,33,34,38,40,43,15
4014,2024-10-03,2,9,15,17,40,48,28
4015,2024-10-07,16,22,23,31,41,49,8
4016,2024-10-10,1,17,24,25,27,39,30
4017,2024-10-14,12,33,39,42,43,48,10
4018,2024-10-17,2,4,10,25,36,38,22
4019,2024-10-21,4,13,19,44,46,49,31
4020,2024-10-24,20,24,28,37,46,47,36
4021,2024-10-28,10,16,33,37,45,47,6
4022,2024-10-31,2,6,10,17,18,49,35
4023,2024-11-04,14,18,25,28,29,44,36
4024,2024-11-07,4,12,17,18,23,34,28
4025,2024-11-11,13,28,39,43,46,48,30
4026,2024-11-14,12,16,29,36,39,40,37
4027,2024-11-18,1,2,14,36,44,46,20
4028,2024-11-21,4,7,11,14,21,28,36
4029,2024-11-25,26,28,31,38,41,42,23
4030,2024-11-28,1,2,4,15,18,24,35
4031,2024-12-02,10,11,12,21,41,49,44
4032,2024-12-05,8,14,15,20,31,49,13
4033,2024-12-09,1,4,8,10,16,46,23
4034,2024-12-12,17,18,19,31,32,33,8
4035,2024-12-16,13,19,22,26,40,49,45
4036,2024-12-19,3,9,10,20,23,32,42
4037,2024-12-23,34,40,42,44,45,46,19
4038,2024-12-26,8,21,30,35,44,49,39
4039,2024-12-30,3,10,13,29,32,46,18
4040,2025-01-03,9,11,24,29,39,46,31
4041,2025-01-06,6,10,13,27,41,49,4
4042,2025-01-09,13,32,34,36,38,40,37
4043,2025-01-13,3,7,11,13,34,35,17
4044,2025-01-16,6,13,18,27,35,46,48
4045,2025-01-20,3,5,6,16,32,49,4
4046,2025-01-24,9,10,18,35,43,49,42
4047,2025-01-27,7,16,22,26,33,43,44
4048,2025-01-30,2,9,13,24,26,43,49
4049,2025-02-03,1,12,29,31,41,48,25
4050,2025-02-07,16,18,22,23,28,35,32
4051,2025-02-10,1,3,7,18,34,39,46
4052,2025-02-13,5,8,13,28,30,49,17
4053,2025-02-17,1,16,23,39,41,42,9
4054,2025-02-20,3,25,31,37,39,42,21
4055,2025-02-24,24,37,38,42,48,49,31
4056,2025-02-27,2,10,13,15,37,40,28
4057,2025-03-03,4,16,24,25,43,49,46
4058,2025-03-06,19,33,35,38,46,49,39
4059,2025-03-10,5,7,32,38,42,47,27
4060,2025-03-13,16,26,34,36,42,49,41
4061,2025-03-17,7,30,39,42,43,48,33
4062,2025-03-20,9,10,11,13,23,42,20
4063,2025-03-24,18,19,25,28,31,44,34
4064,2025-03-27,21,22,27,35,40,42,3
4065,2025-03-31,9,12,17,23,29,46,20
4066,2025-04-03,12,14,15,16,21,40,23
4067,2025-04-07,7,19,35,40,43,47,33
4068,2025-04-10,14,26,27,30,46,48,10
4069,2025-04-14,6,14,29,30,35,42,25
4070,2025-04-17,15,17,26,31,40,46,19
4071,2025-04-21,1,17,30,37,41,43,32
4072,2025-04-24,17,19,21,23,30,40,33
4073,2025-04-28,3,8,12,18,24,41,11
4074,2025-05-01,2,8,12,30,35,49,38
4075,2025-05-05,5,8,28,38,40,43,39
4076,2025-05-08,9,13,17,39,46,47,22
4077,2025-05-12,6,16,20,23,40,48,45
4078,2025-05-15,9,16,17,20,34,38,18
4079,2025-05-19,2,15,17,18,39,45,26
4080,2025-05-22,3,10,32,34,44,48,29
4081,2025-05-26,5,9,15,28,46,48,8
4082,2025-05-29,1,5,7,11,19,47,44
4083,2025-06-02,10,19,21,22,28,31,34
4084,2025-06-05,2,5,25,26,29,30,42
4085,2025-06-09,7,10,11,21,32,48,27
4086,2025-06-12,3,7,38,41,44,49,20
4087,2025-06-16,5,18,27,32,48,49,21
4088,2025-06-19,1,10,37,40,45,47,19
4089,2025-06-23,2,15,29,37,45,49,24
4090,2025-06-26,10,26,28,35,37,46,20
4091,2025-06-30,11,27,31,33,34,36,13
4092,2025-07-03,6,15,16,17,25,34,31
4093,2025-07-07,10,15,17,33,36,45,34
4094,2025-07-10,12,21,26,27,35,44,10
4095,2025-07-14,2,8,19,29,38,41,20
4096,2025-07-17,7,8,17,29,32,42,1
4097,2025-07-21,2,5,10,12,14,37,17
4098,2025-07-24,9,11,24,32,39,49,26
4099,2025-07-28,2,14,16,21,36,47,1
4100,2025-07-31,7,19,20,21,22,29,37
4101,2025-08-04,30,32,40,43,45,49,5
4102,2025-08-08,2,15,28,39,42,44,5
4103,2025-08-11,9,24,31,34,43,44,1
4104,2025-08-14,22,25,29,31,34,43,11
4105,2025-08-18,1,4,18,24,37,42,26
4106,2025-08-21,4,13,22,36,38,46,12
4107,2025-08-25,2,3,4,16,22,39,48
4108,2025-08-28,10,11,16,24,34,35,1
4109,2025-09-01,3,4,8,13,14,17,20
4110,2025-09-04,8,12,21,38,40,43,25
4111,2025-09-08,1,3,33,38,39,42,31
4112,2025-09-11,2,15,19,35,41,48,33
4113,2025-09-15,10,19,25,29,33,37,24
4114,2025-09-18,6,8,9,20,45,49,21
4115,2025-09-22,8,15,22,24,43,47,44
4116,2025-09-25,1,6,9,11,29,36,12
4117,2025-09-29,15,16,22,34,35,43,26
4118,2025-10-02,19,22,26,37,40,46,14
4119,2025-10-06,10,15,22,31,42,48,4
4120,2025-10-09,13,14,19,22,31,42,41
4121,2025-10-13,5,31,33,34,38,46,39
4122,2025-10-16,2,4,8,19,35,39,7
4123,2025-10-20,3,10,13,15,32,37,8
4124,2025-10-23,7,14,17,18,31,38,46
4125,2025-10-27,4,12,14,24,36,38,17
4126,2025-10-30,1,5,31,34,38,45,21
4127,2025-11-03,10,19,22,34,39,43,35
4128,2025-11-06,3,20,24,29,32,44,46
4129,2025-11-10,2,11,12,19,25,36,16
4130,2025-11-13,6,13,18,22,34,35,40
4131,2025-11-17,3,9,12,18,19,34,24
4132,2025-11-20,11,13,22,31,47,49,39
4133,2025-11-24,8,25,27,34,45,47,19
4134,2025-11-27,6,8,17,28,32,46,16
4135,2025-12-01,2,10,24,35,45,49,37
4136,2025-12-04,1,5,24,36,41,46,39
4137,2025-12-08,9,12,15,23,27,47,45
4138,2025-12-11,6,11,20,28,33,43,16
4139,2025-12-15,17,21,22,35,37,42,9
4140,2025-12-18,2,14,15,30,31,43,27
4141,2025-12-22,4,5,13,22,24,30,36
4142,2025-12-25,3,8,15,28,37,43,49
4143,2025-12-29,2,4,22,24,30,33,49
4144,2026-01-02,11,18,20,32,38,39,34
4145,2026-01-05,5,20,35,39,40,49,27
4146,2026-01-08,3,14,15,17,25,27,31
4147,2026-01-12,1,9,16,18,35,43,12
4148,2026-01-15,16,32,34,35,36,41,14
4149,2026-01-19,4,11,21,23,31,35,48
4150,2026-01-22,6,22,27,32,37,44,19
4151,2026-01-26,10,11,13,26,32,39,44
4152,2026-01-29,11,13,16,31,42,48,21
4153,2026-02-02,4,19,40,41,46,47,20
4154,2026-02-05,6,18,24,26,36,48,5
4155,2026-02-09,10,15,29,31,33,49,30
4156,2026-02-13,10,15,25,43,45,49,4
4157,2026-02-16,13,24,28,34,37,44,29
4158,2026-02-19,8,16,17,34,38,48,25
4159,2026-02-23,24,26,30,32,37,47,2
4160,2026-02-27,5,9,20,23,45,46,7
4161,2026-03-02,6,8,28,37,41,49,40
4162,2026-03-05,1,5,12,15,22,42,37
4163,2026-03-09,7,13,14,17,40,44,35
4164,2026-03-12,12,25,33,40,43,46,21
4165,2026-03-16,6,14,18,22,35,36,13
4166,2026-03-19,3,27,34,35,38,49,17
4167,2026-03-23,4,25,28,33,43,48,31
4168,2026-03-26,4,7,22,29,33,46,48
4169,2026-03-30,4,12,26,30,46,47,6
4170,2026-04-02,1,7,8,23,30,33,21
4171,2026-04-06,14,23,29,30,39,48,12
4172,2026-04-09,1,2,6,9,44,48,24
4173,2026-04-13,4,8,10,15,16,26,17
4174,2026-04-16,1,3,6,12,21,41,18
4175,2026-04-20,3,5,9,23,43,49,8
4176,2026-04-23,3,5,15,23,37,42,48
4177,2026-04-27,3,11,13,22,28,48,21
4178,2026-04-30,2,6,7,31,35,39,15
4179,2026-05-04,7,18,19,30,36,48,11
4180,2026-05-07,2,3,8,16,20,47,10
4181,2026-05-11,6,10,25,26,34,40,30
4182,2026-05-14,4,8,21,25,43,46,32
4183,2026-05-18,7,18,32,37,41,44,19
4184,2026-05-21,11,18,25,36,39,49,41
4185,2026-05-25,11,12,24,33,38,46,30
4186,2026-05-28,10,13,30,35,38,44,15
4187,2026-06-01,2,19,26,29,33,36,21
4188,2026-06-04,3,5,20,23,26,27,28
4189,2026-06-08,10,15,28,39,40,46,12
4190,2026-06-11,14,16,21,22,35,38,36
4191,2026-06-15,9,16,27,28,32,49,18
4192,2026-06-18,2,7,11,19,20,42,23
4193,2026-06-22,4,11,15,16,21,39,20
4194,2026-06-25,4,21,23,28,31,39,41
4195,2026-06-29,6,11,22,23,31,34,14
4196,2026-07-02,5,7,11,37,46,49,16
4197,2026-07-06,8,25,34,37,39,46,44
4198,2026-07-09,23,27,31,38,42,47,29
4199,2026-07-13,14,22,32,33,36,46,42
4200,2026-07-16,6,27,28,41,43,44,19
